{
  "version": "v1.5",
  "model_comparison": {
    "LogisticRegression_L1": {
      "best_score": 0.40490444694481337,
      "best_params": {
        "clf__C": 10.0
      }
    },
    "LogisticRegression_L2": {
      "best_score": 0.4112120412650093,
      "best_params": {
        "clf__C": 100.0
      }
    },
    "RandomForest": {
      "best_score": 0.3228079948513101,
      "best_params": {
        "clf__max_depth": 3,
        "clf__min_samples_leaf": 1,
        "clf__min_samples_split": 5,
        "clf__n_estimators": 200
      }
    }
  },
  "selection_criteria": "基于临床导向评分函数(0.5×召回率+0.3×F1+0.2×精确率)"
}